{
  "sigma_effs": [
    0.2,
    0.28,
    0.36,
    0.4,
    0.44,
    0.5,
    0.55
  ],
  "n_replicates": 6,
  "duration": 200,
  "burn_in": 50,
  "epsilon": 0.35,
  "magnitude_mean": 0.5,
  "intervals": {
    "0.2": 52.8125,
    "0.28": 26.94515306122448,
    "0.36": 16.30015432098766,
    "0.4": 13.203125,
    "0.44": 10.911673553719012,
    "0.5": 8.450000000000001,
    "0.55": 6.983471074380167
  },
  "mode_signal": {
    "0.2": [
      -0.47040000000000004,
      -0.3504,
      -0.42293333333333333,
      -0.2898666666666667,
      -0.4919999999999999,
      -0.45893333333333325
    ],
    "0.28": [
      0.059466666666666675,
      0.007733333333333334,
      0.055200000000000006,
      -0.00293333333333333,
      -0.09946666666666668,
      -0.08960000000000001
    ],
    "0.36": [
      0.3448,
      0.4434666666666666,
      0.4242666666666667,
      0.5989333333333333,
      0.4778666666666667,
      0.3448
    ],
    "0.4": [
      0.5749333333333334,
      0.6341333333333333,
      0.6184000000000002,
      0.5685333333333334,
      0.5992,
      0.5690666666666667
    ],
    "0.44": [
      0.8698666666666668,
      0.7413333333333333,
      0.8136,
      0.7850666666666665,
      0.8602666666666668,
      0.7055999999999998
    ],
    "0.5": [
      0.8570666666666666,
      0.8178666666666666,
      0.8826666666666667,
      0.9199999999999998,
      0.9533333333333331,
      0.9474666666666667
    ],
    "0.55": [
      0.9559999999999998,
      0.8642666666666666,
      0.9677333333333331,
      0.9631999999999997,
      0.9413333333333332,
      0.8151999999999999
    ]
  },
  "mode_random": {
    "0.2": [
      -0.4045333333333333,
      -0.4397333333333333,
      -0.46373333333333333,
      -0.37439999999999996,
      -0.47120000000000006,
      -0.4026666666666667
    ],
    "0.28": [
      -0.09493333333333333,
      0.05653333333333334,
      0.012266666666666669,
      -0.08133333333333333,
      0.22239999999999996,
      0.0488
    ],
    "0.36": [
      0.5831999999999999,
      0.48106666666666664,
      0.6493333333333332,
      0.47040000000000004,
      0.4802666666666666,
      0.5186666666666667
    ],
    "0.4": [
      0.7882666666666668,
      0.6149333333333333,
      0.38159999999999994,
      0.43626666666666664,
      0.7869333333333333,
      0.8237333333333333
    ],
    "0.44": [
      0.6261333333333332,
      0.8077333333333333,
      0.8288,
      0.6429333333333334,
      0.7256,
      0.7442666666666665
    ],
    "0.5": [
      0.8535999999999998,
      0.944,
      0.8685333333333334,
      0.9365333333333331,
      0.9311999999999997,
      0.9239999999999998
    ],
    "0.55": [
      0.9690666666666665,
      0.9570666666666667,
      0.8733333333333332,
      0.9602666666666664,
      0.9314666666666664,
      0.9410666666666665
    ]
  },
  "realized_sigma_signal": {
    "0.2": [
      0.29100087107029105,
      0.2904838322780335,
      0.29231267626981206,
      0.28945719203715925,
      0.2911113847643827,
      0.2911036237055825
    ],
    "0.28": [
      0.4144836544801648,
      0.4126703439922516,
      0.4139719002429306,
      0.41372987031472985,
      0.4139721025305482,
      0.41531765045687097
    ],
    "0.36": [
      0.5362545715420413,
      0.5380864919755618,
      0.5370040879039287,
      0.5375741056997434,
      0.5368905209621704,
      0.5374827247813879
    ],
    "0.4": [
      0.5985213865734574,
      0.598388881105877,
      0.5992930689713957,
      0.5983218666686988,
      0.6008085486969603,
      0.5987318875524708
    ],
    "0.44": [
      0.6611863126657531,
      0.6597744984781093,
      0.6596574040893776,
      0.6606520876334827,
      0.6602167249015966,
      0.6610063380743368
    ],
    "0.5": [
      0.7520308822980837,
      0.7523061320899314,
      0.7522290989029695,
      0.751975856014375,
      0.7523034293058372,
      0.7534813467902282
    ],
    "0.55": [
      0.8305643056839298,
      0.8298301489686842,
      0.8294449529819452,
      0.8296223694285007,
      0.8303865913310418,
      0.8300625113929615
    ]
  },
  "realized_sigma_random": {
    "0.2": [
      0.29124103481919644,
      0.29164598767866806,
      0.2909420791198331,
      0.2909834087808208,
      0.2903123379046466,
      0.2901120879967644
    ],
    "0.28": [
      0.41274396020650683,
      0.4140676962399177,
      0.41504547192250746,
      0.41406138550053423,
      0.4145994983342025,
      0.4141488737498688
    ],
    "0.36": [
      0.537173937573304,
      0.5368587054461544,
      0.5360396943841702,
      0.535643276973741,
      0.5373868034885618,
      0.537058887438417
    ],
    "0.4": [
      0.59887720990667,
      0.5991747159858357,
      0.5974997982887841,
      0.5982030218725907,
      0.5984781500329988,
      0.5978069771245583
    ],
    "0.44": [
      0.6610446139231133,
      0.6597133285761595,
      0.659345864822105,
      0.6616546032433607,
      0.6600038063598559,
      0.662267116451152
    ],
    "0.5": [
      0.7530329346009578,
      0.7519964190855888,
      0.7531034118658436,
      0.7519930399652526,
      0.7519943916560515,
      0.7516264804195856
    ],
    "0.55": [
      0.828794644384217,
      0.8283554532373653,
      0.8281298004648615,
      0.8293651812941282,
      0.8296557625373427,
      0.828534666000407
    ]
  }
}