{
  "n_replicates_per_cell": 6,
  "sigma_targets": [
    0.2,
    0.28,
    0.36,
    0.4,
    0.44,
    0.5,
    0.55
  ],
  "signal_conditional": {
    "mean_dom": [
      -0.4140888888888889,
      -0.011600000000000001,
      0.43902222222222226,
      0.5940444444444445,
      0.7959555555555555,
      0.8963999999999999,
      0.9179555555555554
    ],
    "sd_dom": [
      0.07850830010377997,
      0.06894367427271499,
      0.09494586683805477,
      0.027809468145193243,
      0.06507899701018655,
      0.053496483788916194,
      0.06318225723753165
    ],
    "n": [
      6,
      6,
      6,
      6,
      6,
      6,
      6
    ],
    "realized_sigma_eff": [
      0.2909115966875435,
      0.4140242536695826,
      0.5372154171441389,
      0.5990109399281432,
      0.660415560973776,
      0.7523877909002374,
      0.8299851466311772
    ]
  },
  "random_partner": {
    "mean_dom": [
      -0.42604444444444445,
      0.027288888888888887,
      0.5304888888888889,
      0.6386222222222222,
      0.7292444444444444,
      0.9096444444444441,
      0.938711111111111
    ],
    "sd_dom": [
      0.03827077020196816,
      0.1151946500815355,
      0.07157894993693374,
      0.19298970227757023,
      0.08293644867317698,
      0.03848413622183481,
      0.034800323540428744
    ],
    "n": [
      6,
      6,
      6,
      6,
      6,
      6,
      6
    ],
    "realized_sigma_eff": [
      0.2908728227166549,
      0.41411114765892293,
      0.5366935508840581,
      0.5983399788685729,
      0.6606715555626245,
      0.7522911129322133,
      0.8288059179863869
    ]
  },
  "crossover_signal_target": 0.2820593746917842,
  "crossover_random_target": 0.27518431372549024,
  "crossover_signal_realized_sigma_eff": 0.4171954632234695,
  "crossover_random_realized_sigma_eff": 0.4066926837849472,
  "threshold_shift_target": -0.006875060966293978,
  "threshold_shift_realized": -0.010502779438522292
}