{
  "N": 1000,
  "priors_match_section_6_2_rubric": true,
  "P_baseline_sigma_epsilon_only": 0.249,
  "P_joint_with_6_parameters": 0.326,
  "posterior_sigma_star": {
    "mean": 0.3562877451638437,
    "q025": 0.18666675620319328,
    "q975": 0.5079245161800098
  },
  "posterior_sigma_eff": {
    "mean": 0.3084581705523176,
    "q025": 0.18760368486763912,
    "q975": 0.4803788394678069
  },
  "sigma_eff_minus_sigma_star": {
    "mean": -0.047829574611526086,
    "q025": -0.25754010337097394,
    "q975": 0.1763308896051507
  },
  "parameter_bounds_used": {
    "C_signal": [
      0.09,
      0.27
    ],
    "C_opportunity": [
      0.06,
      0.18
    ],
    "lambda_W": [
      0.075,
      0.22499999999999998
    ],
    "k_max": [
      3.0,
      9.0
    ],
    "M_half": [
      1.25,
      3.75
    ],
    "gamma": [
      0.025,
      0.07500000000000001
    ]
  }
}