{
  "rubric": {
    "prior": "rubric",
    "n_samples": 1000,
    "epsilon": {
      "mean": 0.48850585233863525,
      "median": 0.48955837370843797,
      "ci95": [
        0.4779474733221619,
        0.49646205107578983
      ]
    },
    "sigma": {
      "mean": 0.6337196910770914,
      "median": 0.627256900732785,
      "ci95": [
        0.4386207710419488,
        0.8366920777454623
      ]
    },
    "sigma_eff": {
      "mean": 0.32412657972063896,
      "median": 0.32040526326106517,
      "ci95": [
        0.22411989925999554,
        0.42752805009460787
      ]
    },
    "sigma_star": {
      "mean": 0.35741440912444805,
      "median": 0.35712135033959214,
      "ci95": [
        0.3552511117972375,
        0.36031160404960366
      ]
    },
    "P_above_threshold": 0.355
  },
  "flat": {
    "prior": "flat",
    "n_samples": 1000,
    "epsilon": {
      "mean": 0.2997144022457161,
      "median": 0.296620511860636,
      "ci95": [
        0.10838161185207368,
        0.492355739430098
      ]
    },
    "sigma": {
      "mean": 0.6346287745155161,
      "median": 0.6342690066661326,
      "ci95": [
        0.43429284787944106,
        0.8320496135917054
      ]
    },
    "sigma_eff": {
      "mean": 0.4447769242356395,
      "median": 0.4330299849828788,
      "ci95": [
        0.25673884051614454,
        0.6803659751560754
      ]
    },
    "sigma_star": {
      "mean": 0.4221493572453757,
      "median": 0.41872850071524437,
      "ci95": [
        0.35636116313765454,
        0.5034663737441339
      ]
    },
    "P_above_threshold": 0.564
  },
  "gis_mixture": {
    "prior": "gis_mixture",
    "n_samples": 1000,
    "epsilon": {
      "mean": 0.3848375145827891,
      "median": 0.442248440750707,
      "ci95": [
        0.1791811618985304,
        0.540080824143235
      ]
    },
    "sigma": {
      "mean": 0.6391396809459352,
      "median": 0.6430284054148523,
      "ci95": [
        0.4334737258524219,
        0.8388364941973744
      ]
    },
    "sigma_eff": {
      "mean": 0.39317567732127795,
      "median": 0.3745861189864417,
      "ci95": [
        0.22449802611975672,
        0.6259168094883182
      ]
    },
    "sigma_star": {
      "mean": 0.39212577398638865,
      "median": 0.37048753465383644,
      "ci95": [
        0.3438729488540091,
        0.46785585527548884
      ]
    },
    "P_above_threshold": 0.479
  },
  "n_agg": 25,
  "rng_seed": 42
}