{
  "multiplicative": 0.399653889132082,
  "additive": 1.5,
  "hazard": 0.8749729309941888
}