{
  "sites": [
    {
      "name": "Poverty Point",
      "eps_static": 0.49,
      "eps_phen": 0.5,
      "phen_peaks": 5,
      "n_agg": 25,
      "sigma_regional": 0.64,
      "sigma_star_static": 0.3570011223490067,
      "sigma_star_phen": 0.35430023620137396,
      "margin_static": 0.2829988776509933,
      "margin_phen": 0.28569976379862605,
      "M_g_static": 129.7835460285217,
      "M_g_phen": 129.7835168234224,
      "predicted_volume_static_m3": 750000.0,
      "predicted_volume_phen_m3": 749999.8312280319,
      "observed_scale_ordinal": 3,
      "observed_volume_m3": 750000,
      "log_overpred_static": 0.0,
      "log_overpred_phen": -9.77289902382458e-08
    },
    {
      "name": "Lower Jackson",
      "eps_static": 0.48,
      "eps_phen": 0.26,
      "phen_peaks": 2,
      "n_agg": 1,
      "sigma_regional": 0.56,
      "sigma_star_static": 0.36555496884364436,
      "sigma_star_phen": 0.446311869322783,
      "margin_static": 0.1944450311563557,
      "margin_phen": 0.11368813067721706,
      "M_g_static": 5.24423692002439,
      "M_g_phen": 5.2556763164606295,
      "predicted_volume_static_m3": 30305.67287130468,
      "predicted_volume_phen_m3": 30371.77945869361,
      "observed_scale_ordinal": 0,
      "observed_volume_m3": 1000,
      "log_overpred_static": 1.481523931013923,
      "log_overpred_phen": 1.482470237636139
    },
    {
      "name": "Watson Brake",
      "eps_static": 0.43,
      "eps_phen": 0.18000000000000002,
      "phen_peaks": 1,
      "n_agg": 8,
      "sigma_regional": 0.56,
      "sigma_star_static": 0.3752476872974558,
      "sigma_star_phen": 0.4699758184518353,
      "margin_static": 0.18475231270254427,
      "margin_phen": 0.09002418154816477,
      "M_g_static": 41.54143104486696,
      "M_g_phen": 41.54443739757177,
      "predicted_volume_static_m3": 240061.81243347478,
      "predicted_volume_phen_m3": 240079.1857030271,
      "observed_scale_ordinal": 2,
      "observed_volume_m3": 7000,
      "log_overpred_static": 1.5352250406240215,
      "log_overpred_phen": 1.5352564693715427
    },
    {
      "name": "Caney",
      "eps_static": 0.43,
      "eps_phen": 0.18000000000000002,
      "phen_peaks": 1,
      "n_agg": 5,
      "sigma_regional": 0.56,
      "sigma_star_static": 0.3761181446910112,
      "sigma_star_phen": 0.4719642157707164,
      "margin_static": 0.18388185530898887,
      "margin_phen": 0.08803578422928365,
      "M_g_static": 25.974071308874574,
      "M_g_phen": 25.978678999493027,
      "predicted_volume_static_m3": 150100.3330374007,
      "predicted_volume_phen_m3": 150126.96020293585,
      "observed_scale_ordinal": 2,
      "observed_volume_m3": 5000,
      "log_overpred_static": 1.4774116515058189,
      "log_overpred_phen": 1.4774886866811765
    },
    {
      "name": "Frenchman's Bend",
      "eps_static": 0.43,
      "eps_phen": 0.18000000000000002,
      "phen_peaks": 1,
      "n_agg": 5,
      "sigma_regional": 0.56,
      "sigma_star_static": 0.3761181446910112,
      "sigma_star_phen": 0.4719642157707164,
      "margin_static": 0.18388185530898887,
      "margin_phen": 0.08803578422928365,
      "M_g_static": 25.974071308874574,
      "M_g_phen": 25.978678999493027,
      "predicted_volume_static_m3": 150100.3330374007,
      "predicted_volume_phen_m3": 150126.96020293585,
      "observed_scale_ordinal": 1,
      "observed_volume_m3": 2000,
      "log_overpred_static": 1.8753516601778564,
      "log_overpred_phen": 1.875428695353214
    },
    {
      "name": "Insley",
      "eps_static": 0.43,
      "eps_phen": 0.18000000000000002,
      "phen_peaks": 1,
      "n_agg": 6,
      "sigma_regional": 0.56,
      "sigma_star_static": 0.37574419261507847,
      "sigma_star_phen": 0.4711031543170832,
      "margin_static": 0.1842558073849216,
      "margin_phen": 0.08889684568291684,
      "M_g_static": 31.16258406502227,
      "M_g_phen": 31.16649806856428,
      "predicted_volume_static_m3": 180083.98417184872,
      "predicted_volume_phen_m3": 180106.60262192454,
      "observed_scale_ordinal": 2,
      "observed_volume_m3": 14000,
      "log_overpred_static": 1.1093470547366384,
      "log_overpred_phen": 1.1094015984611565
    },
    {
      "name": "J.W. Copes",
      "eps_static": 0.42,
      "eps_phen": 0.26,
      "phen_peaks": 2,
      "n_agg": 3,
      "sigma_regional": 0.64,
      "sigma_star_static": 0.3805650336417054,
      "sigma_star_phen": 0.43876119773722466,
      "margin_static": 0.2594349663582946,
      "margin_phen": 0.20123880226277535,
      "M_g_static": 15.601431763890567,
      "M_g_phen": 15.6056710339206,
      "predicted_volume_static_m3": 90158.3766277002,
      "predicted_volume_phen_m3": 90182.87474491012,
      "observed_scale_ordinal": 0,
      "observed_volume_m3": 500,
      "log_overpred_static": 2.2560360789595837,
      "log_overpred_phen": 2.2561540707901355
    },
    {
      "name": "Cowpen Slough",
      "eps_static": 0.42,
      "eps_phen": 0.26,
      "phen_peaks": 2,
      "n_agg": 3,
      "sigma_regional": 0.64,
      "sigma_star_static": 0.3805650336417054,
      "sigma_star_phen": 0.43876119773722466,
      "margin_static": 0.2594349663582946,
      "margin_phen": 0.20123880226277535,
      "M_g_static": 15.601431763890567,
      "M_g_phen": 15.6056710339206,
      "predicted_volume_static_m3": 90158.3766277002,
      "predicted_volume_phen_m3": 90182.87474491012,
      "observed_scale_ordinal": 0,
      "observed_volume_m3": 500,
      "log_overpred_static": 2.2560360789595837,
      "log_overpred_phen": 2.2561540707901355
    },
    {
      "name": "Jaketown",
      "eps_static": 0.4,
      "eps_phen": 0.33999999999999997,
      "phen_peaks": 3,
      "n_agg": 8,
      "sigma_regional": 0.64,
      "sigma_star_static": 0.38454883565637876,
      "sigma_star_phen": 0.4046065441912789,
      "margin_static": 0.25545116434362125,
      "margin_phen": 0.23539345580872112,
      "M_g_static": 41.54172627847892,
      "M_g_phen": 41.54236290844854,
      "predicted_volume_static_m3": 240063.5185450409,
      "predicted_volume_phen_m3": 240067.19753588238,
      "observed_scale_ordinal": 1,
      "observed_volume_m3": 5000,
      "log_overpred_static": 1.6813561628081815,
      "log_overpred_phen": 1.6813628183516323
    },
    {
      "name": "Claiborne",
      "eps_static": 0.3,
      "eps_phen": 0.18000000000000002,
      "phen_peaks": 1,
      "n_agg": 4,
      "sigma_regional": 0.64,
      "sigma_star_static": 0.421348839178962,
      "sigma_star_phen": 0.4731926922769296,
      "margin_static": 0.21865116082103803,
      "margin_phen": 0.1668073077230704,
      "M_g_static": 20.789255827161412,
      "M_g_phen": 20.79225984333569,
      "predicted_volume_static_m3": 120138.04790743286,
      "predicted_volume_phen_m3": 120155.4076745193,
      "observed_scale_ordinal": 1,
      "observed_volume_m3": 3000,
      "log_overpred_static": 1.60255931620849,
      "log_overpred_phen": 1.6026220665738515
    },
    {
      "name": "Cedarland",
      "eps_static": 0.3,
      "eps_phen": 0.18000000000000002,
      "phen_peaks": 1,
      "n_agg": 4,
      "sigma_regional": 0.64,
      "sigma_star_static": 0.421348839178962,
      "sigma_star_phen": 0.4731926922769296,
      "margin_static": 0.21865116082103803,
      "margin_phen": 0.1668073077230704,
      "M_g_static": 20.789255827161412,
      "M_g_phen": 20.79225984333569,
      "predicted_volume_static_m3": 120138.04790743286,
      "predicted_volume_phen_m3": 120155.4076745193,
      "observed_scale_ordinal": 1,
      "observed_volume_m3": 1000,
      "log_overpred_static": 2.0796805709281525,
      "log_overpred_phen": 2.0797433212935137
    }
  ],
  "PP_calibration_M_g": 129.7835460285217,
  "PP_calibration_volume_m3": 750000.0,
  "m3_per_M_g_unit": 5778.852735578494,
  "spearman": {
    "pred_static_vs_ordinal": {
      "rho": 0.8477988160551113,
      "p": 0.0009791873543320932
    },
    "pred_phen_vs_ordinal": {
      "rho": 0.88123313556151,