{
  "WB_parameters": {
    "eps": 0.43,
    "n_agg": 8,
    "sigma_mean": 0.56,
    "duration": 700
  },
  "alpha_labor_scaling": 2.0,
  "sweep": {
    "sd_0.075_persist_1": {
      "sigma_star_wb": 0.3752476872974558,
      "Mg_wb_eq": 41.54143104486696,
      "mu_sigma_eff": 0.31920000000000004,
      "sigma_sd_input": 0.075,
      "fraction_above_mean": 0.2274285714285714,
      "fraction_above_sd": 0.017783832199311237,
      "predicted_volume_m3_mean": 52180.09161647336,
      "predicted_volume_m3_sd": 4080.2348958318735,
      "predicted_volume_m3_median": 52770.067526709856,
      "predicted_volume_m3_ci95": [
        44231.805048009286,
        59169.66733080308
      ],
      "transitions_per_century_mean": 35.042857142857144,
      "observed_volume_m3": 7000,
      "overpred_factor_mean": 7.454298802353336,
      "observed_inter_stage_gap_year_min": 200
    },
    "sd_0.075_persist_2": {
      "sigma_star_wb": 0.3752476872974558,
      "Mg_wb_eq": 41.54143104486696,
      "mu_sigma_eff": 0.31920000000000004,
      "sigma_sd_input": 0.075,
      "fraction_above_mean": 0.05188571428571428,
      "fraction_above_sd": 0.01047398638758176,
      "predicted_volume_m3_mean": 11904.402810994421,
      "predicted_volume_m3_sd": 2403.09986498491,
      "predicted_volume_m3_median": 12127.282599305992,
      "predicted_volume_m3_ci95": [
        7538.581075244266,
        15732.690939640206
      ],
      "transitions_per_century_mean": 7.9157142857142855,
      "observed_volume_m3": 7000,
      "overpred_factor_mean": 1.700628972999203,
      "observed_inter_stage_gap_year_min": 200
    },
    "sd_0.075_persist_3": {
      "sigma_star_wb": 0.3752476872974558,
      "Mg_wb_eq": 41.54143104486696,
      "mu_sigma_eff": 0.31920000000000004,
      "sigma_sd_input": 0.075,
      "fraction_above_mean": 0.01225714285714286,
      "fraction_above_sd": 0.005173469895997344,
      "predicted_volume_m3_mean": 2812.2185054606875,
      "predicted_volume_m3_sd": 1186.9754598225238,
      "predicted_volume_m3_median": 2785.9973538946197,
      "predicted_volume_m3_ci95": [
        655.5287891516753,
        4916.465918637565
      ],
      "transitions_per_century_mean": 1.878571428571429,
      "observed_volume_m3": 7000,
      "overpred_factor_mean": 0.40174550078009824,
      "observed_inter_stage_gap_year_min": 200
    },
    "sd_0.075_persist_5": {
      "sigma_star_wb": 0.3752476872974558,
      "Mg_wb_eq": 41.54143104486696,
      "mu_sigma_eff": 0.31920000000000004,
      "sigma_sd_input": 0.075,
      "fraction_above_mean": 0.0006857142857142857,
      "fraction_above_sd": 0.001307731949988221,
      "predicted_volume_m3_mean": 157.32690939640207,
      "predicted_volume_m3_sd": 300.0395795987582,
      "predicted_volume_m3_median": 0.0,
      "predicted_volume_m3_ci95": [
        0.0,
        827.6050963039872
      ],
      "transitions_per_century_mean": 0.10285714285714284,
      "observed_volume_m3": 7000,
      "overpred_factor_mean": 0.022475272770914583,
      "observed_inter_stage_gap_year_min": 200
    },
    "sd_0.100_persist_1": {
      "sigma_star_wb": 0.3752476872974558,
      "Mg_wb_eq": 41.54143104486696,
      "mu_sigma_eff": 0.31920000000000004,
      "sigma_sd_input": 0.1,
      "fraction_above_mean": 0.2854428571428571,
      "fraction_above_sd": 0.01926359695904307,
      "predicted_volume_m3_mean": 65490.60368019811,
      "predicted_volume_m3_sd": 4419.744836243589,
      "predicted_volume_m3_median": 65225.11452059169,
      "predicted_volume_m3_ci95": [
        58325.67401477031,
        74091.14139386809
      ],
      "transitions_per_century_mean": 40.72571428571428,
      "observed_volume_m3": 7000,
      "overpred_factor_mean": 9.355800525742588,
      "observed_inter_stage_gap_year_min": 200
    },
    "sd_0.100_persist_2": {
      "sigma_star_wb": 0.3752476872974558,
      "Mg_wb_eq": 41.54143104486696,
      "mu_sigma_eff": 0.31920000000000004,
      "sigma_sd_input": 0.1,
      "fraction_above_mean": 0.08142857142857145,
      "fraction_above_sd": 0.013210628954666018,
      "predicted_volume_m3_mean": 18682.570490822745,
      "predicted_volume_m3_sd": 3030.9816609044974,
      "predicted_volume_m3_median": 19010.33488539858,
      "predicted_volume_m3_ci95": [
        13110.575783033506,
        23599.03640946031
      ],
      "transitions_per_century_mean": 11.558571428571426,
      "observed_volume_m3": 7000,
      "overpred_factor_mean": 2.6689386415461063,
      "observed_inter_stage_gap_year_min": 200
    },
    "sd_0.100_persist_3": {
      "sigma_star_wb": 0.3752476872974558,
      "Mg_wb_eq": 41.54143104486696,
      "mu_sigma_eff": 0.31920000000000004,
      "sigma_sd_input": 0.1,
      "fraction_above_mean": 0.023571428571428577,
      "fraction_above_sd": 0.007590585365333477,
      "predicted_volume_m3_mean": 5408.1125105013225,
      "predicted_volume_m3_sd": 1741.5465317213184,
      "predicted_volume_m3_median": 5571.994707789239,
      "predicted_volume_m3_ci95": [
        2622.115156606701,
        8693.950566124091
      ],
      "transitions_per_century_mean": 3.4100000000000006,
      "observed_volume_m3": 7000,
      "overpred_factor_mean": 0.772587501500189,
      "observed_inter_stage_gap_year_min": 200
    },
    "sd_0.100_persist_5": {
      "sigma_star_wb": 0.3752476872974558,
      "Mg_wb_eq": 41.54143104486696,
      "mu_sigma_eff": 0.31920000000000004,
      "sigma_sd_input": 0.1,
      "fraction_above_mean": 0.001885714285714286,
      "fraction_above_sd": 0.002213878378024873,
      "predicted_volume_m3_mean": 432.6490008401058,
      "predicted_volume_m3_sd": 507.941354366502,
      "predicted_volume_m3_median": 327.7643945758376,
      "predicted_volume_m3_ci95": [
        0.0,
        1638.8219728791883
      ],
      "transitions_per_century_mean": 0.27428571428571424,
      "observed_volume_m3": 7000,
      "overpred_factor_mean": 0.06180700012001512,
      "observed_inter_stage_gap_year_min": 200
    },
    "sd_0.125_persist_1": {
      "sigma_star_wb": 0.3752476872974558,
      "Mg_wb_eq": 41.54143104486696,
      "mu_sigma_eff": 0.31920000000000004,
      "sigma_sd_input": 0.125,
      "fraction_above_mean": 0.32548571428571427,
      "fraction_above_sd": 0.019487052295659765,
      "predicted_volume_m3_mean": 74677.83966015886,
      "predicted_volume_m3_sd": 4471.013328428227,
      "predicted_volume_m3_median": 74730.28196329098,
      "predicted_volume_m3_ci95": [
        67191.70088804672,
        83751.99692399091
      ],
      "transitions_per_century_mean": 43.92,
      "observed_volume_m3": 7000,
      "overpred_factor_mean": 10.668262808594124,
      "observed_inter_stage_gap_year_min": 200
    },
    "sd_0.125_persist_2": {
      "sigma_star_wb": 0.3752476872974558,
      "Mg_wb_eq": 41.54143104486696,
      "mu_sigma_eff": 0.31920000000000004,
      "sigma_sd_input": 0.125,
      "fraction_above_mean": 0.10544285714285716,
      "fraction_above_sd": 0.015383096629917407,
      "predicted_volume_m3_mean": 24192.289963642583,
      "predicted_volume_m3_sd": 3529.42194752454,
      "predicted_volume_m3_median": 24254.565198611985,
      "predicted_volume_m3_ci95": [
        17699.27730709523,
        30826.241309857523
      ],
      "transitions_per_century_mean": 14.151428571428573,
      "observed_volume_m3": 7000,
      "overpred_factor_mean": 3.4560414233775116,
      "observed_inter_stage_gap_year_min": 200
    },
    "sd_0.125_persist_3": {
      "sigma_star_wb": 0.3752476872974558,
      "Mg_wb_eq": 41.54143104486696,
      "mu_sigma_eff": 0.31920000000000004,
      "sigma_sd_input": 0.125,
      "fraction_above_mean": 0.034614285714285715,
      "fraction_above_sd": 0.009758694435694765,
      "predicted_volume_m3_mean": 7941.731280572546,
      "predicted_volume_m3_sd": 2238.986801496263,
      "predicted_volume_m3_median": 7866.345469820103,
      "predicted_volume_m3_ci95": [
        4244.548909757097,
        12643.511520762928
      ],